"","Change Size","Annual change","Uniform Change across Intervals","Interval Behavior"
"1996_2007",7524206,0.0172481176747523,0.0169261722857722,Fast
"2007_2016",5900817,0.0165326834770187,0.0169261722857722,Slow
