"","Change Size","Annual change","Uniform Change across Intervals","Interval Behavior"
"1996_2007",4476409,0.0317203007518371,0.0314469617215594,Fast
"2007_2016",3592382,0.0311128806845533,0.0314469617215594,Slow
