Time,Observed Change,Annual Change,Uniform Annual Change,Uniform Change,Hypothesized Error,Commission Intensity,Omission Intensity
1996_2007,13.395590782165527,1.2177809476852417,1.506316065788269,16.569477081298828,3.1738862991333008,0,19.155017852783203
2007_2016,16.730731964111328,1.8589701652526855,1.506316065788269,13.556844711303711,3.173886775970459,18.970399856567383,0
