Time,Observed Change,Annual Change,Uniform Annual Change,Uniform Change,Hypothesized Error,Commission Intensity,Omission Intensity
1996_2007,25.599342346191406,2.3272128105163574,2.8502938747406006,31.353233337402344,5.7538919448852539,0,18.351829528808594
2007_2016,31.406536102294922,3.4896152019500732,2.8502938747406006,25.652645111083984,5.7538919448852539,18.320682525634766,0
