Time,Observed Change,Annual Change,Uniform Annual Change,Uniform Change,Hypothesized Error,Commission Intensity,Omission Intensity
1996_2007,13.356358528137207,1.2142144441604614,1.3941906690597534,15.336097717285156,1.9797384738922119,0,12.909010887145996
2007_2016,14.52745532989502,1.6141616106033325,1.3941906690597534,12.54771614074707,1.9797384738922119,13.627566337585449,0
