Time,Observed Change,Annual Change,Uniform Annual Change,Uniform Change,Hypothesized Error,Commission Intensity,Omission Intensity
1996_2007,13.41477108001709,1.219524621963501,1.6442896127700806,18.087184906005859,4.6724147796630859,0,25.832735061645508
2007_2016,19.47102165222168,2.1634469032287598,1.6442896127700806,14.798605918884277,4.6724157333374023,23.996767044067383,0
