Time,Observed Change,Annual Change,Uniform Annual Change,Uniform Change,Hypothesized Error,Commission Intensity,Omission Intensity
1996_2007,15.127777099609375,1.3752524852752686,1.7839888334274292,19.623876571655273,4.4960999488830566,0,22.911375045776367
2007_2016,20.551998138427734,2.2835555076599121,1.7839888334274292,16.055900573730469,4.4960999488830566,21.876703262329102,0
