"","Change Size","Annual change","Uniform Change across Intervals","Interval Behavior"
"1996_2007",8801590,0.0212553107214639,0.0221602489482315,Slow
"2007_2016",7882619,0.0232662845587252,0.0221602489482315,Fast
