"","Change Size","Annual change","Uniform Change across Intervals","Interval Behavior"
"1996_2007",6547368,0.0129800765457534,0.0139071256611012,Slow
"2007_2016",6207154,0.0150401856909707,0.0139071256611012,Fast
