"","Change Size","Annual change","Uniform Change across Intervals","Interval Behavior"
"1996_2007",256974,0.0123739093847349,0.0131329497771652,Slow
"2007_2016",238912,0.0140606658123579,0.0131329497771652,Fast
