"","Change Size","Annual change","Uniform Change across Intervals","Interval Behavior"
"1996_2007",7954043,0.0168681725531432,0.0172700380501205,Slow
"2007_2016",6852392,0.0177612069908705,0.0172700380501205,Fast
