"","Change Size","Annual change","Uniform Change across Intervals","Interval Behavior"
"1996_2007",1895604,0.0162073322103478,0.018107688774324,Slow
"2007_2016",1955067,0.0204303467969616,0.018107688774324,Fast
