Interval*, Interval_length, Observed_Change_percent_of_intervals_domain, Annual_Change_percent_of_intervals_domain, Uniform_annual_change_percent_of_all_domains, Hypothesized_error_percent_of_intervals_domain, Uniform_change_percent_of_intervals_domain, Commission_intensity_percent_of_change, Omission_intensity_percent_of_change, 
13, 1, 0.0324886065460572, 0.0324886065460572, 0.0132413250631969, 0.0192472814828603, 0.0132413250631969, 59.2431733123874, 0, 
14, 1, 0.0160889379919901, 0.0160889379919901, 0.0132413250631969, 0.0220948944116535, -0.00600595641966339, 17.6991976114947, 0, 
15, 1, 0.0347672973346223, 0.0347672973346223, 0.0132413250631969, 0.0628681481659391, -0.0281008508313168, 61.9144251111783, 0, 
16, 1, 0.0286217373290982, 0.0286217373290982, 0.0132413250631969, 0.119590736326354, -0.090968998997256, 53.7368227828185, 0, 
17, 1, 0.0360102195829305, 0.0360102195829305, 0.0132413250631969, 0.246569954906541, -0.21055973532361, 63.2289799491434, 0, 
18, 1, 0.0537909128573401, 0.0537909128573401, 0.0132413250631969, 0.510920603087491, -0.457129690230151, 75.3837137913713, 0, 
19, 1, 0.0447797265571054, 0.0447797265571054, 0.0132413250631969, 1.01283001987475, -0.968050293317642, 70.430089504207, 0, 
20, 1, 0.0160544123739815, 0.0160544123739815, 0.0132413250631969, 1.99693472556637, -1.98088031319239, 17.5222066386162, 0, 
22, 1, 0.0419486258804033, 0.0419486258804033, 0.0132413250631969, 4.01976366463916, -3.97781503875876, 68.4344247629272, 0, 
