Time,Observed Change,Annual Change,Uniform Annual Change,Uniform Change,Hypothesized Error,Commission Intensity,Omission Intensity
1996_2007,19.414337158203125,1.7649397850036621,1.8638439178466797,20.502283096313477,1.0879454612731934,0,5.306459903717041
2007_2016,17.862541198730469,1.9847267866134644,1.8638439178466797,16.774595260620117,1.087945818901062,6.0906553268432617,0
