Time,Observed Change,Annual Change,Uniform Annual Change,Uniform Change,Hypothesized Error,Commission Intensity,Omission Intensity
1996_2007,17.828065872192383,1.6207332611083984,1.8107688426971436,19.91845703125,2.0903913974761963,0,10.494745254516602
2007_2016,18.387311935424805,2.0430347919464111,1.8107688426971436,16.296920776367188,2.0903935432434082,11.368673324584961,0
