Time,Observed Change,Annual Change,Uniform Annual Change,Uniform Change,Hypothesized Error,Commission Intensity,Omission Intensity
1996_2007,34.892330169677734,3.172029972076416,3.1446962356567383,34.591659545898438,0.30067110061645508,0.86171114444732666,0
2007_2016,28.001592636108398,3.1112880706787109,3.1446962356567383,28.302265167236328,0.30067348480224609,0,1.0623654127120972
