Time,Observed Change,Annual Change,Uniform Annual Change,Uniform Change,Hypothesized Error,Commission Intensity,Omission Intensity
1996_2007,18.972925186157227,1.7248114347457886,1.6926168203353882,18.618783950805664,0.3541407585144043,1.8665585517883301,0
2007_2016,14.879411697387695,1.6532679796218872,1.6926168203353882,15.233551025390625,0.35413956642150879,0,2.3247342109680176
