Time,Observed Change,Annual Change,Uniform Annual Change,Uniform Change,Hypothesized Error,Commission Intensity,Omission Intensity
1996_2007,14.278080940246582,1.2980073690414429,1.3907122611999512,15.297834396362305,1.0197538137435913,0,6.6660008430480957
2007_2016,13.536163330078125,1.5040181875228882,1.3907122611999512,12.516409873962402,1.0197533369064331,7.5335474014282227,0
