Time,Observed Change,Annual Change,Uniform Annual Change,Uniform Change,Hypothesized Error,Commission Intensity,Omission Intensity
1996_2007,18.554990768432617,1.6868174076080322,1.7270039319992065,18.997043609619141,0.44205176830291748,0,2.3269503116607666
2007_2016,15.985087394714355,1.7761207818984985,1.7270039319992065,15.543035507202148,0.44205164909362793,2.7654004096984863,0
