Time,Observed Change,Annual Change,Uniform Annual Change,Uniform Change,Hypothesized Error,Commission Intensity,Omission Intensity
1996_2007,23.380842208862305,2.1255311965942383,2.2160248756408691,24.376274108886719,0.99543046951293945,0,4.0836038589477539
2007_2016,20.939657211303711,2.3266284465789795,2.2160248756408691,19.944223403930664,0.99543213844299316,4.7538132667541504,0
